Date,Y_N,M2_1,M2_2,M1_1,M1_11,cpi,cpi8,vM2_1,vM2_11,vM1_1,vM1_11,inflation,inflation8,vM2_1y2y,vM2_11y2y,vM1_1y2y,vM1_11y2y,M2_1y2y,M2_11y2y,M1_1y2y,M1_11y2y,Y_Ny2y,GBond1t3y,GBond3t5y,GBond5t10y,GBond10y,GBond1t3yy2y,GBond3t5yy2y,GBond5t10yy2y,GBond10yy2y
4/1/1975,173748,80420.33333,93083.66667,30930,48408,28.5,,2.1605,1.8666,5.6175,3.5893,,,,,,,,,,,,,,,,,,,
7/1/1975,182328,83366.33333,96593.66667,31724.33333,50687,29.43,,2.1871,1.8876,5.7473,3.5971,,,,,,,,,,,,,,,,,,,
10/1/1975,188532,86768.66667,100611,32718.66667,52330,30.03,,2.1728,1.8739,5.7622,3.6028,,,,,,,,,,,,,,,,,,,
1/1/1976,196288,89653.33333,104491.3333,33490.66667,53336,30.47,,2.1894,1.8785,5.8610,3.6802,,,,,,,,,,,,,,,,,,,
4/1/1976,206268,92650,107895.6667,33729.66667,53800,30.9,,2.2263,1.9117,6.1153,3.8340,8.4211,,3.046320442,2.419233899,8.862903727,6.817870868,15.20718226,15.91256611,9.051621942,11.13942006,18.71676221,,,,,,,,
7/1/1976,208464,96669,112382,34086,55431,31.37,,2.1565,1.8550,6.1158,3.7608,6.5919,,-1.399033239,-0.017280454,0.064128717,0.04550723,15.95688108,16.34510199,7.444338205,9.358025016,14.33460577,,,,,,,,
10/1/1976,213008,100514.3333,116415,34428,57019,31.8,,2.1192,1.8297,6.1871,3.7358,5.8941,,-2.468306009,-0.023555951,0.073728901,0.036918248,15.84174011,15.70802397,5.22433677,8.959806357,12.98241147,,,,,,,,
1/1/1977,219892,104896.6667,120688.6667,35046.33333,58924,32.47,,2.0963,1.8220,6.2743,3.7318,6.5638,,-4.254045491,-0.030094413,0.070525175,0.014014483,17.00252826,15.50112609,4.645075245,10.47691067,12.02518748,,,,,,,,
4/1/1977,224772,109068.3333,125365,36276.33333,61338,33.3,,2.0608,1.7929,6.1961,3.6645,7.7670,,-7.432805986,-0.062139921,0.013208951,-0.04420363,17.7208131,16.1909499,7.550227792,14.01053284,8.970853453,,,,,,,,
7/1/1977,229704,112885.3333,129846.6667,37170.33333,63611,34,,2.0348,1.7690,6.1798,3.6111,8.3838,,-5.640159633,-0.046318314,0.010455228,-0.039808967,16.77511232,15.54044835,9.048680788,14.75717413,10.18880958,,,,,,,,
10/1/1977,235948,116665,133872.3333,37810.33333,65258,34.7,,2.0224,1.7625,6.2403,3.6156,9.1195,,-4.564973837,-0.036751159,0.008606294,-0.032164684,16.06802347,14.9957766,9.824367763,14.45082312,10.76954856,,,,,,,,
1/1/1978,241296,120596.6667,138697,38916,67405,35.4,,2.0009,1.7397,6.2004,3.5798,9.0237,,-4.551946303,-0.045139089,-0.011776708,-0.040719966,14.96711049,14.92131269,11.04157354,14.39190374,9.733869354,,,,,,,,
4/1/1978,248648,124668.3333,143189.3333,39892.66667,69188,36.23,,1.9945,1.7365,6.2329,3.5938,8.7988,,-3.220074454,-0.031480435,0.005942313,-0.019297816,14.30295992,14.21795025,9.968850215,12.79909572,10.62231951,,,,,,,,
7/1/1978,255176,129078.6667,147951,40505.33333,70781,37.13,,1.9769,1.7247,6.2998,3.6051,9.2059,,-2.84742487,-0.025045905,0.019425547,-0.001650798,14.34494,13.94285568,8.97220902,11.27274252,11.08905374,,,,,,,,
10/1/1978,263056,134883.6667,153727,41789.33333,73087,37.77,,1.9502,1.7112,6.2948,3.5992,8.8473,,-3.569785305,-0.029104267,0.008734733,-0.004530969,15.61622309,14.8310455,10.52357821,11.99642447,11.48897215,,,,,,,,
1/1/1979,271352,139823,159894.3333,41760.33333,73848,38.57,,1.9407,1.6971,6.4978,3.6744,8.9548,,-3.007178683,-0.024523303,0.047965879,0.026436699,15.94267393,15.28319526,7.308904649,9.559674404,12.45607055,,,,,,,,
4/1/1979,284116,144882.6667,164572,42237,75491,39.63,,1.9610,1.7264,6.7267,3.7636,9.3845,,-1.678058878,-0.00581904,0.079221841,0.047240657,16.21448911,14.93314213,5.876602216,9.109917375,14.26434156,,,,,,,,
7/1/1979,292900,151277,171451.6667,43590,78465,40.4,,1.9362,1.7084,6.7194,3.7329,8.8069,,-2.059771346,-0.009497126,0.066608125,0.035429327,17.19752296,15.88408775,7.615458047,10.85596956,14.78352196,,,,,,,,
10/1/1979,301924,158178.3333,177666.3333,43904,80836,41.33,,1.9088,1.6994,6.8769,3.7350,9.4255,,-2.127249679,-0.006896673,0.092473164,0.037726612,17.27019086,15.57262767,5.06030247,10.60288879,14.7755611,,,,,,,,
1/1/1980,309756,164466.3333,183173,43919.66667,83183,42.23,,1.8834,1.6911,7.0528,3.7238,9.4892,,-2.951616407,-0.003543568,0.08540451,0.013423753,17.62466356,14.55878153,5.170776095,12.64077275,14.15283469,,,,,,,,
4/1/1980,317208,171339,189374.6667,45137.33333,87017,43.4,,1.8513,1.6750,7.0276,3.6453,9.5130,,-5.592033554,-0.02975256,0.044733704,-0.03141048,18.26052346,15.07101248,6.866807144,15.26797778,11.64735531,,,,,,,,
7/1/1980,324720,176908.6667,194859.3333,46016,90277,44.63,,1.8355,1.6664,7.0567,3.5969,10.4703,,-5.198881644,-0.024538427,0.050189499,-0.036414243,16.94353184,13.65263291,5.565496674,15.0533569,10.86377603,,,,,,,,
10/1/1980,339304,184492.6667,202170,48431.66667,95695,45.87,,1.8391,1.6783,7.0058,3.5457,10.9848,,-3.648333647,-0.012402979,0.018746238,-0.050688587,16.63586458,13.79195833,10.31265185,18.38117348,12.38059909,,,,,,,,
1/1/1981,355984,191255.6667,208260.6667,48887,98437,47.43,,1.8613,1.7093,7.2818,3.6164,12.3135,,-1.173492036,0.010799353,0.032467523,-0.028847952,16.28864266,13.69615973,11.31004334,18.33780805,14.9240047,,,,,,,,
4/1/1981,368000,197927.6667,214332.6667,49493.33333,100352,48.83,,1.8593,1.7170,7.4353,3.6671,12.5115,,0.427675345,0.025031475,0.058017572,0.005969625,15.5181638,13.17916511,9.650547957,15.32376691,16.0122065,,,,,,,,
7/1/1981,372804,204922.3333,221408.3333,49488.66667,101798,50.3,,1.8192,1.6838,7.5331,3.6622,12.7045,,-0.886835595,0.01041265,0.067516598,0.01814445,15.83510135,13.62470021,7.54665044,12.76183303,14.80783444,,,,,,,,
10/1/1981,376632,210831.6667,228987,48687.66667,102703,51.53,,1.7864,1.6448,7.7357,3.6672,12.3392,,-2.865948609,-0.019981846,0.104176983,0.034267658,14.27644821,13.26457931,0.528579786,7.323614957,11.00134393,,,,,,,,
1/1/1982,383000,212503.6667,237013.6667,48759.33333,104301,52.83,,1.8023,1.6159,7.8549,3.6721,11.3852,,-3.168607158,-0.054629251,0.078708059,0.015405855,11.10973618,13.80625562,-0.261146453,5.956750826,7.589105128,,,,,,,,
4/1/1982,386512,216928,242275.6667,50060.33333,107369,54.47,,1.7818,1.5953,7.7209,3.5998,11.5503,,-4.168992083,-0.070833094,0.038408251,-0.018340566,9.599634883,13.03721007,1.145608836,6.99274219,5.030434783,,,,,,,,
7/1/1982,389548,220337.6667,247427,50919,109235,55.63,,1.7680,1.5744,7.6503,3.5661,10.5964,,-2.819089936,-0.064966246,0.015561674,-0.026229704,7.522524794,11.75143965,2.890224024,7.305971958,4.491368118,,,,,,,,
10/1/1982,393644,224082,252709.6667,51820.66667,111272,56.5,,1.7567,1.5577,7.5963,3.5377,9.6449,,-1.663377074,-0.052944584,-0.018020581,-0.035316023,6.284792765,10.3598312,6.434894532,8.343124209,4.516875889,,,,,,,,
1/1/1983,403232,229101,260669.3333,54543.33333,115815,56.9,,1.7601,1.5469,7.3929,3.4817,7.7040,,-2.344735846,-0.042718505,-0.058820846,-0.051846556,7.810375037,9.980718411,11.8623443,11.03952343,5.282506527,,,,,,,,
4/1/1983,415800,232965.6667,265957,56738,119390,57.67,,1.7848,1.5634,7.3284,3.4827,5.8748,,0.171734487,-0.020013992,-0.050836089,-0.032538544,7.393082805,9.774540572,13.33923732,11.19565859,7.577513764,,,,,,,,
7/1/1983,428956,236565,271706,58624,122713,58.6,,1.8133,1.5788,7.3171,3.4956,5.3388,,2.562836469,0.002766065,-0.043563402,-0.019778255,7.36475682,9.812591189,15.13187612,12.33819338,10.11633996,,,,,,,,
10/1/1983,437256,241047.3333,277067.6667,60093.33333,124933,59.13,,1.8140,1.5782,7.2763,3.4999,4.6549,,3.26110831,0.013136936,-0.042124991,-0.010668071,7.571037983,9.638729029,15.9640298,12.27682316,11.07904604,,,,,,,,
1/1/1984,447836,243690.6667,281010.3333,60601.66667,125432,59.83,62.03333333,1.8377,1.5937,7.3898,3.5704,5.1494,,4.412405412,0.030224001,-0.000411803,0.025469814,6.368224786,7.803372856,11.1073764,8.303160779,11.06162209,,,,,,,,
4/1/1984,459548,247473.3333,286332.6667,61287,126238,60.33,62.7,1.8570,1.6049,7.4983,3.6403,4.6125,,4.0422915,0.02656611,0.02318003,0.045254108,6.227384007,7.661263538,8.017554373,5.736398181,10.52140452,,,,,,,,
7/1/1984,465172,253111.6667,292448,63417,126802,60.83,63.13333333,1.8378,1.5906,7.3351,3.6685,3.8055,,1.353592234,0.007514701,0.002468126,0.049458546,6.994553999,7.633986736,8.175832424,3.332165296,8.442823973,,,,,,,,
10/1/1984,475364,258614,298005.3333,66190,127564,61.3,63.56666667,1.8381,1.5952,7.1818,3.7265,3.6699,,1.330645929,0.01076995,-0.012983473,0.064727307,7.287641985,7.556878404,10.14532949,2.106201207,8.715260625,,,,,,,,
1/1/1985,486096,265305.6667,306927.6667,70196,130668,62,64.26666667,1.8322,1.5837,6.9248,3.7201,3.6269,3.6002,-0.29994104,-0.006222185,-0.062923065,0.04193854,8.869851396,9.222911138,15.83179781,4.174384459,8.543306032,,,,,,,,
4/1/1985,495344,271741.3333,315355.6667,74676.66667,134172,62.73,64.76666667,1.8229,1.5707,6.6332,3.6919,3.9781,3.2961,-1.836794314,-0.021307444,-0.115374477,0.014157449,9.806309097,10.13611207,21.84748261,6.284673171,7.789393056,,,,,,,,
7/1/1985,503860,278233,323364,79350.33333,137359,63.33,65.3,1.8109,1.5582,6.3498,3.6682,4.1098,3.4319,-1.462885176,-0.020389787,-0.134328231,-8.2323E-05,9.925000165,10.57145202,25.12470368,8.325841338,8.316923633,,,,,,,,
10/1/1985,514780,286012.6667,332844,84938,142117,63.83,65.9,1.7999,1.5466,6.0607,3.6222,4.1272,3.6707,-2.082088665,-0.030431091,-0.15611022,-0.027977192,10.59442515,11.69061851,28.32452032,11.40865239,8.291751163,,,,,,,,
1/1/1986,518600,292312.3333,341674,88485.33333,145492,64.67,66.56666667,1.7741,1.5178,5.8609,3.5644,4.3065,3.5788,-3.170017887,-0.041626998,-0.153646998,-0.041838995,10.17945339,11.32069119,26.05466598,11.34532134,6.686745005,,,,,,,,
4/1/1986,523832,299289.6667,349467,91326,148727,65.2,67.5,1.7503,1.4989,5.7358,3.5221,3.9375,4.2203,-3.982786595,-0.045711729,-0.135279796,-0.045982765,10.13770448,10.81678148,22.29522832,10.84826442,5.751154753,,,,,,,,
7/1/1986,530220,307383,359260.3333,94865.66667,153825,65.97,68.4,1.7249,1.4759,5.5892,3.4469,4.1686,4.7473,-4.747799686,-0.052828498,-0.119790776,-0.060323394,10.47683057,11.10090589,19.55295294,11.987051,5.231611956,,,,,,,,
10/1/1986,533836,315768.3333,368082.6667,97763,159090,66.63,69.33333333,1.6906,1.4503,5.4605,3.3556,4.3867,5.2099,-6.070310977,-0.062261908,-0.099023004,-0.073615521,10.40361849,10.58714192,15.09924886,11.94247945,3.701775516,,,,,,,,
1/1/1987,552472,326221.6667,377586.3333,101602,164356,67.27,69.93333333,1.6935,1.4632,5.4376,3.3614,4.0204,5.0576,-4.542051356,-0.03600801,-0.072216181,-0.056957154,11.60037722,10.51070123,14.82354891,12.96563164,6.531430775,,,,,,,,
4/1/1987,567408,335709.6667,389926.6667,107011.3333,170921,68.23,70.66666667,1.6902,1.4552,5.3023,3.3197,4.6472,4.6914,-3.432429517,-0.029206937,-0.075582645,-0.05746032,12.16881305,11.57753569,17.17510165,14.92216181,8.318697598,,,,,,,,
7/1/1987,581672,344286.6667,399484.3333,108340.6667,175641,68.97,71.43333333,1.6895,1.4561,5.3689,3.3117,4.5475,4.4347,-2.055129979,-0.013421676,-0.039406568,-0.039222201,12.00576046,11.19633766,14.2042959,14.18238081,9.703896496,,,,,,,,
10/1/1987,595756,349338,407451.3333,107366.3333,177075,69.43,72.13333333,1.7054,1.4622,5.5488,3.3644,4.2023,4.0385,0.87494537,0.008161691,0.016171395,0.002638717,10.63110614,10.69560461,9.823075533,11.30536448,11.59906788,,,,,,,,
1/1/1988,610940,352989.6667,419434,105744.6667,175714,70.03,72.8,1.7308,1.4566,5.7775,3.4769,4.1029,4.0991,2.197223807,-0.004500783,0.062507667,0.03435202,8.205463565,11.08293997,4.077347559,6.910391852,10.58297977,,,,,,,,
4/1/1988,621156,362283.3333,433990,107458.6667,179820,70.93,73.53333333,1.7146,1.4313,5.7804,3.4543,3.9572,4.0566,1.442681745,-0.016422819,0.09016832,0.0405492,7.915669194,11.30041546,0.418024259,5.206509063,9.472548854,,,,,,,,
7/1/1988,631376,375192.3333,448352.3333,110742.6667,186740,71.7,74.36666667,1.6828,1.4082,5.7013,3.3810,3.9582,4.1064,-0.396142283,-0.032858034,0.061906887,0.020932097,8.976724822,12.23277008,2.21708069,6.319531164,8.545021937,,,,,,,,
10/1/1988,644068,387988.3333,461324.6667,112093.6667,191083,72.27,75.26666667,1.6600,1.3961,5.7458,3.3706,4.0905,4.3438,-2.660197662,-0.045156131,0.035500573,0.001840436,11.06387892,13.22202897,4.402994111,7.91075738,8.109360208,,,,,,,,
1/1/1989,656144,400254.3333,474307.6667,113483.3333,195150,73.17,76.06666667,1.6393,1.3834,5.7819,3.3622,4.4838,4.4872,-5.28330165,-0.050261401,0.000753206,-0.032975073,13.38981594,13.08278935,7.318257186,11.0613459,7.399089927,,,,,,,,
4/1/1989,669780,413140,484623.6667,114771.6667,198117,74.43,76.86666667,1.6212,1.3821,5.8358,3.3807,4.9344,4.5331,-5.445413372,-0.03437924,0.009574215,-0.021305978,14.03781571,11.6670123,6.80540735,10.17537941,7.82798524,,,,,,,,
7/1/1989,679120,427627.6667,497548.6667,116164.3333,202089,75.5,77.6,1.5881,1.3649,5.8462,3.3605,5.2999,4.3478,-5.627249843,-0.030735473,0.025417261,-0.006075972,13.97558763,10.97269484,4.895734255,8.21943483,7.561896556,,,,,,,,
10/1/1989,681224,442146.6667,512758,119896.3333,210084,76.03,78.16666667,1.5407,1.3285,5.6818,3.2426,5.2027,3.8530,-7.186632674,-0.048404347,-0.011143229,-0.037971255,13.95875306,11.14905338,6.960845245,9.943654601,5.768956073,,,,,,,,
1/1/1990,691900,457362.3333,527227,122397,216908,77.13,78.9,1.5128,1.3123,5.6529,3.1898,5.4121,3.7248,-7.717401189,-0.05134856,-0.022300306,-0.051281807,14.26792798,11.15717435,7.8546042,11.14935323,5.449413543,,,,,,,,
4/1/1990,695616,469097.6667,537197,123499,219880,77.87,79.5,1.4829,1.2949,5.6326,3.1636,4.6218,3.4258,-8.531541502,-0.063067232,-0.034819287,-0.064220768,13.54448048,10.84828021,7.60408347,10.98492305,3.857386007,,,,,,,,
7/1/1990,697668,477634,542965,122303,219042,78.63,80.13333333,1.4607,1.2849,5.7044,3.1851,4.1457,3.2646,-8.024354524,-0.058617731,-0.024251309,-0.052196566,11.6938957,9.128018298,5.284467694,8.388699387,2.731181529,,,,,,,,
10/1/1990,696764,487590.6667,552914,122715.3333,219866,79.8,80.83333333,1.4290,1.2602,5.6779,3.1690,4.9586,3.4115,-7.251534085,-0.051470981,-0.000684016,-0.022693773,10.27803745,7.831374645,2.35119784,4.656232745,2.281187979,,,,,,,,
1/1/1991,694000,499741.3333,563937.3333,126073,223492,82.1,81.5,1.3887,1.2306,5.5047,3.1053,6.4437,3.2953,-8.202413406,-0.062258931,-0.026211087,-0.026512464,9.265957625,6.96290845,3.003341585,3.035229936,0.303512068,7.582173579,7.530894777,7.439097542,7.688268049,,,,
4/1/1991,701560,511129.6667,576259.6667,128430,225403,82.7,81.86666667,1.3726,1.2174,5.4626,3.1125,6.2026,2.9769,-7.439127296,-0.059820859,-0.03017759,-0.016168665,8.960181,7.271572006,3.992744881,2.511976229,0.854494434,7.146806452,7.21365233,7.298921147,7.57165233,,,,
7/1/1991,704784,519302,585572,129617,226755,83.2,82.33333333,1.3572,1.2036,5.4374,3.1081,5.8120,2.7454,-7.085718798,-0.063303784,-0.046803636,-0.024160496,8.723834568,7.8470988,5.98022943,3.521090324,1.019969384,6.080304659,6.250992832,6.389078853,6.641770609,,,,
10/1/1991,706700,525048.3333,594237,129515.6667,226507,83.07,82.56666667,1.3460,1.1893,5.4565,3.1200,4.0977,2.1443,-5.809850275,-0.056271035,-0.038994411,-0.015475622,7.682195175,7.473675834,5.54155145,3.020324501,1.426020862,4.891017921,5.102964158,5.427318996,5.768433692,,,,
1/1/1992,709996,533236.6667,605787.3333,131473.6667,226956,83.4,82.83333333,1.3315,1.1720,5.4003,3.1283,1.5834,1.6360,-4.12139694,-0.047626967,-0.018975748,0.007432848,6.702534111,7.421037326,4.283761524,1.55009277,2.304899135,5.265465332,5.41146459,5.704104561,6.057319244,-30.55467173,-28.14313902,-23.32262713,-21.21347481
4/1/1992,714732,540505.6667,616547,132860.6667,226736,83.83,83.43333333,1.3223,1.1592,5.3796,3.1523,1.3664,1.9137,-3.659422648,-0.047795034,-0.015199042,0.012787333,5.74726961,6.99117701,3.44986893,0.59123645,1.877530076,4.760996416,5.082064516,5.52490681,5.891250896,-33.382883,-29.54935608,-24.30515827,-22.19332532
7/1/1992,721640,549462.3333,627462.6667,133981.3333,225664,84.2,83.63333333,1.3134,1.1501,5.3861,3.1978,1.2019,1.5789,-3.228687631,-0.044442176,-0.009436704,0.028863764,5.807860038,7.153802891,3.36709948,-0.480842732,2.391654748,4.619910394,5.14778853,5.929569892,6.516293907,-24.01843899,-17.6484653,-7.192100319,-1.889205603
10/1/1992,727324,556386.6667,638325.6667,137209.3333,226949,84.57,84.2,1.3072,1.1394,5.3008,3.2048,1.8057,1.9782,-2.878496375,-0.041901392,-0.028525337,0.027177606,5.968656854,7.4193742,5.94033669,0.195284907,2.918352908,5.239136201,5.374458781,5.913017921,6.337301075,7.117501616,5.320331777,8.949150125,9.861730479
1/1/1993,733936,558519.6667,642746.6667,136377.6667,223374,85.17,84.7,1.3141,1.1419,5.3816,3.2857,2.1223,2.2535,-1.307574287,-0.025722566,-0.003452949,0.050295067,4.741421883,6.101040959,3.730024517,-1.578277172,3.371849982,5.299208909,5.564900154,6.11156682,6.533037634,0.640847017,2.835379605,7.143316805,7.853612657
4/1/1993,745348,563975.6667,653762.6667,136863.3333,221533,85.33,84.96666667,1.3216,1.1401,5.4459,3.3645,1.7893,1.8378,-0.056225094,-0.016528144,0.012337158,0.067328032,4.342230146,6.036144311,3.01267995,-2.294739256,4.283563629,4.476469534,4.823304659,5.370075269,5.740075269,-5.976204493,-5.091628723,-2.802428105,-2.56610404
7/1/1993,750060,572553,668844,141973.3333,224753,85.67,85.5,1.3100,1.1214,5.2831,3.3373,1.7458,2.2320,-0.253506078,-0.024924009,-0.019126675,0.043597028,4.202411206,6.595027168,5.965010051,-0.403844648,3.93825176,4.034003584,4.467530466,5.024548387,5.458125448,-12.68221156,-13.21456895,-15.26285248,-16.23880804
10/1/1993,758756,575669.3333,680953,145832.6667,227894,86.1,85.96666667,1.3180,1.1143,5.2029,3.3294,1.8092,2.0982,0.827230712,-0.022088868,-0.018471178,0.038888567,3.46569532,6.677991433,6.28480084,0.416539986,4.321595328,3.668132616,4.221939068,4.835727599,5.346824373,-29.98592753,-21.4443865,-18.2189592,-15.62931429
1/1/1994,772628,578057.6667,696885.3333,150067.3333,229721,85.63,86.36666667,1.3366,1.1087,5.1485,3.3633,0.5401,1.9677,1.713724391,-0.029063649,-0.043314167,0.02363577,3.498175833,8.423017882,10.03805608,2.841120212,5.271849317,3.780076805,4.437553763,5.072576805,5.577895545,-28.66714882,-20.25816024,-17.00038707,-14.62018348
4/1/1994,783636,574787,705512.3333,153650.3333,230752,85.33,86.6,1.3634,1.1107,5.1001,3.3960,0.0000,1.9223,3.159378706,-0.025749147,-0.063497599,0.009363547,1.91698578,7.915665624,12.26552035,4.161607225,5.136929327,5.544612903,5.942548387,6.237770609,6.462967742,23.86128982,23.20491461,16.15797353,12.59378038
7/1/1994,800792,579147,711057,153836.3333,228415,85.8,86.93333333,1.3827,1.1262,5.2055,3.5059,0.1517,1.6764,5.548144712,0.004255317,-0.014692975,0.050520658,1.151683774,6.311337173,8.355794515,1.629344213,6.763725569,6.217903226,6.78616129,7.114293907,7.342505376,54.13727569,51.89960857,41.59071341,34.52430594
10/1/1994,810780,585028.6667,720318,153034.6667,224723,86.07,87.4,1.3859,1.1256,5.2980,3.6079,-0.0348,1.6673,5.146987909,0.010168354,0.018276882,0.083646258,1.625817599,5.780868871,4.938536862,-1.391726868,6.856486143,4.810584229,5.210132616,5.428344086,5.595379928,31.14531922,23.40615372,12.25496009,4.648657562
1/1/1995,823936,588880,725608.3333,153348.6667,222157,86.93,88.16666667,1.3992,1.1355,5.3730,3.7088,1.5182,2.0841,4.680887663,0.024193696,0.043588289,0.102712887,1.872189222,4.121624983,2.186574027,-3.292404398,6.64071196,5.971912442,6.182411674,6.32359831,6.438337174,57.98389161,39.32026526,24.6624458,15.42591863
4/1/1995,828812,595373.6667,729493.6667,152478,219739,87.63,88.6,1.3921,1.1361,5.4356,3.7718,2.6954,2.3095,2.107811144,0.022880115,0.065780994,0.110658664,3.58161661,3.399137364,-0.762987823,-4.772793919,5.764921469,5.138437276,5.353089606,5.571229391,5.825702509,-7.32559034,-9.919292919,-10.68556798,-9.860257059
7/1/1995,832976,605107.6667,742031,153484,221410,87.8,89.06666667,1.3766,1.1226,5.4271,3.7621,2.3310,2.4540,-0.443660903,-0.003229607,0.042578042,0.073101508,4.48256948,4.356050218,-0.229031286,-3.066932265,4.019021169,4.782763441,5.110734767,5.338870968,5.61155914,-23.08076747,-24.68886977,-24.95571539,-23.57432712
10/1/1995,840652,611523.6667,752668,156296.3333,224128,87.83,89.33333333,1.3747,1.1169,5.3786,3.7508,2.0448,2.2121,-0.807896253,-0.007720455,0.015206186,0.039592988,4.528837903,4.491071999,2.131325364,-0.264474137,3.684353339,4.316232975,4.630827957,4.857695341,5.146387097,-10.27632468,-11.11880833,-10.51239082,-8.024349326
1/1/1996,844148,617252,764676.3333,158081.3333,223567,88.2,89.63333333,1.3676,1.1039,5.3400,3.7758,1.4609,1.6635,-2.256155695,-0.027813178,-0.006141558,0.01807253,4.817959516,5.384171902,3.086213118,0.63438524,2.453103154,4.073852429,4.563841305,4.94751205,5.370956618,-31.78311859,-26.18024251,-21.76112701,-16.57851284
4/1/1996,852848,626052,779742,163564.6667,225756,88.9,90.03333333,1.3623,1.0938,5.2141,3.7777,1.4493,1.6178,-2.14234158,-0.037310571,-0.040746707,0.001574934,5.152786401,6.888110977,7.270994286,2.738248559,2.900054536,4.288426523,4.864089606,5.250250896,5.631734767,-16.54220353,-9.134911537,-5.761358438,-3.329516769
7/1/1996,864584,630600.6667,792073,167760.6667,229081,89.03,90.5,1.3710,1.0915,5.1537,3.7741,1.4009,1.6093,-0.401468403,-0.027630013,-0.05038477,0.003189194,4.212969262,6.743923098,9.301729605,3.464618377,3.794587119,3.791562724,4.418365591,4.84597491,5.2769319,-20.72443534,-13.54735096,-9.232215207,-5.963177645
10/1/1996,877640,633637,806202,171842,233581,89.57,91.06666667,1.3851,1.0886,5.1072,3.7573,1.9811,1.9403,0.756459538,-0.025325196,-0.050446084,0.001748698,3.616104255,7.112564902,9.946277264,4.217672911,4.399918159,2.951842294,3.616060932,4.177512545,4.698412186,-31.61068202,-21.91329573,-14.00217074,-8.704648562
1/1/1997,891700,636769.3333,824640,177568.3333,239821,90.07,91.5,1.4004,1.0813,5.0217,3.7182,2.1202,2.0826,2.395421218,-0.020479741,-0.059594322,-0.015262183,3.161971664,7.841705576,12.32719866,7.270314597,5.633135422,3.107684332,3.79937788,4.371597542,4.901966206,-23.71632536,-16.75043837,-11.64048722,-8.731971713
4/1/1997,899336,637799.6667,839538.3333,182200.3333,243892,90.33,92,1.4101,1.0712,4.9360,3.6874,1.6085,2.1844,3.508606624,-0.020598556,-0.05334732,-0.023904997,1.876468195,7.668733162,11.39345498,8.033452046,5.450912707,3.422125448,3.993913978,4.427921147,4.832835125,-20.2009075,-17.88979435,-15.66267528,-14.1856759
7/1/1997,912592,634081,849070.3333,186479.3333,246191,90.57,92.16666667,1.4392,1.0748,4.8938,3.7068,1.7298,1.8416,4.973372175,-0.015329321,-0.050425817,-0.017832116,0.551907652,7.195969732,11.15795916,7.469130234,5.552728248,3.245340502,3.651749104,3.982810036,4.35988172,-14.40625573,-17.35068028,-17.81199636,-17.37847288
10/1/1997,923960,630071.3333,859952.6667,189937,248621,90.5,92.43333333,1.4664,1.0744,4.8646,3.7163,1.0383,1.5007,5.873572992,-0.013025152,-0.047518595,-0.010908423,-0.562730186,6.667146282,10.53002176,6.438870686,5.277790438,3.401333333,3.631670251,3.851114695,4.12853405,15.22747473,0.431666371,-7.813210516,-12.12916436
1/1/1998,934540,626865.6667,873346.3333,194336.6667,252325,91,92.93333333,1.4908,1.0701,4.8089,3.7037,1.0325,1.5665,6.460078855,-0.010406068,-0.0423873,-0.003895554,-1.555298936,5.906375307,9.443312903,5.214173924,4.804306381,3.592077573,3.689278034,3.799804147,3.9884447,15.58695123,-2.897838801,-13.07973548,-18.6358181
4/1/1998,935120,622670,883963.6667,195788.3333,252883,91.23,93.1,1.5018,1.0579,4.7762,3.6978,0.9963,1.1957,6.505420924,-0.012467304,-0.032373564,0.002820694,-2.372165973,5.29163846,7.457725105,3.686467781,3.97893557,3.625960573,3.675189964,3.730354839,3.861670251,5.956389634,-7.98024234,-15.75381054,-20.09513773
7/1/1998,938972,624550.6667,895694.6667,198116,253974,91.33,93.23333333,1.5034,1.0483,4.7395,3.6971,0.8391,1.1573,4.460728003,-0.024651853,-0.031527839,-0.002624036,-1.503015125,5.491221575,6.240191049,3.161366581,2.890667461,3.707752688,3.731415771,3.749272401,3.817741935,14.24849522,2.181602963,-5.8636398,-12.43473607
10/1/1998,953512,631425.6667,908858,200558,255348,91.5,93.63333333,1.5101,1.0491,4.7543,3.7342,1.1050,1.2982,2.977058487,-0.023546636,-0.022666969,0.004798374,0.214949207,5.686979671,5.591854141,2.705587078,3.198406857,3.350415771,3.36834767,3.450422939,3.621727599,-1.49698832,-7.250729346,-10.40456564,-12.27569993
1/1/1999,975204,639031.6667,923968.6667,202353.6667,257356,91.7,93.93333333,1.5261,1.0555,4.8193,3.7893,0.7692,1.0760,2.364574074,-0.013659567,0.002169659,0.023112933,1.940766682,5.7963641,4.125315175,1.993854495,4.351231622,3.574316436,3.604258833,3.63375192,3.737692012,-0.494453039,-2.304494279,-4.370020688,-6.286979186
4/1/1999,994180,647477.6667,936153.3333,206158.3333,262085,92.7,94.36666667,1.5355,1.0620,4.8224,3.7934,1.6113,1.3605,2.242350619,0.003887631,0.009679623,0.025830715,3.984079314,5.904051109,5.296536225,3.638705119,6.31576696,3.550387097,3.668225806,3.738064516,3.868519713,-2.084233272,-0.189491095,0.206674103,0.177370462
7/1/1999,1021220,655207.6667,948403,209351.3333,266101,93.33,94.8,1.5586,1.0768,4.8780,3.8377,2.1899,1.6804,3.670543537,0.027149689,0.029225386,0.038027545,4.908648991,5.884631816,5.671088319,4.775029465,8.759366626,3.800146953,3.895415771,3.936820789,4.023272401,2.491920929,4.395114618,5.002260893,5.383561001
10/1/1999,1041052,664342.3333,961735.3333,212512,269804,93.67,95.03333333,1.5670,1.0825,4.8988,3.8586,2.3716,1.4952,3.771134251,0.03177909,0.030392743,0.033310572,5.213070739,5.817997238,5.960370566,5.661163066,9.180796886,4.016010753,4.15744086,4.182899642,4.241232975,19.86604134,23.42671444,21.22860633,17.10524493
1/1/2000,1070156,675059.6667,979283.3333,217949,275744,94.13,95.13333333,1.5853,1.0928,4.9101,3.8810,2.6499,1.2775,3.879974887,0.03538173,0.018844286,0.024188467,5.637905268,5.986638797,7.706968492,7.144957251,9.736629464,4.272588061,4.452354468,4.450177976,4.338342603,19.53580879,23.53037545,22.46785343,16.07009322
4/1/2000,1099436,687418.3333,1000030.667,227222,285742,94.97,95.4,1.5994,1.0994,4.8386,3.8477,2.4488,1.0950,4.161832973,0.035234177,0.003356914,0.014314104,6.168655495,6.823383634,10.21722786,9.026599547,10.58721761,4.305663082,4.338168459,4.291598566,4.192562724,21.27306023,18.26339728,14.80803897,8.376408414
7/1/2000,1121692,695910,1016194,231552.6667,290210,95.87,95.86666667,1.6118,1.1038,4.8442,3.8651,2.7215,1.1252,3.414206547,0.025110315,-0.006929102,0.007136857,6.212127147,7.147910751,10.6048206,9.060082375,9.838428546,3.972953405,3.994,3.953609319,3.905666667,4.547362345,2.530775537,0.426448939,-2.923136269
10/1/2000,1132952,702991.6667,1032563.333,236870.6667,295687,96.53,96.43333333,1.6116,1.0972,4.7830,3.8316,3.0533,1.4732,2.844444848,0.01362651,-0.023637111,-0.006987526,5.817683353,7.364604122,11.46225468,9.593395691,8.827608996,3.771892473,3.776598566,3.764666667,3.797892473,-6.078626144,-9.16049817,-9.998637566,-10.45310419
1/1/2001,1149892,715298,1058842.667,242141.3333,302127,96.73,96.83333333,1.6076,1.0860,4.7488,3.8060,2.7621,1.7870,1.406340787,-0.006227689,-0.032845375,-0.019320675,5.960707671,8.124240516,11.0999974,9.567800124,7.450876321,3.476332565,3.634907834,3.77531106,4.031186636,-18.63637412,-18.35987318,-15.16494215,-7.080030211
4/1/2001,1152848,730757.3333,1078531.667,249652.3333,309815,98.37,97.6,1.5776,1.0689,4.6178,3.7211,3.5801,2.3061,-1.360690084,-0.027739786,-0.045629854,-0.03289476,6.304603456,7.849859271,9.871549997,8.424732801,4.858127258,3.374075269,3.703878136,3.931046595,4.188759857,-21.63633791,-14.62115472,-8.401344295,-0.09070508
7/1/2001,1138776,736846.6667,1089314.333,251764,314933,98.47,98.16666667,1.5455,1.0454,4.5232,3.6159,2.7120,2.3992,-4.117215611,-0.05291689,-0.066271016,-0.064467401,5.882465645,7.195509256,8.728611777,8.518993695,1.52305624,2.964146953,3.372369176,3.642724014,3.964681004,-25.39185208,-15.56411678,-7.863328912,1.510992667
10/1/2001,1136616,758311.6667,1113754.667,261533,330869,97.57,98.2,1.4989,1.0205,4.3460,3.4352,1.0774,1.8320,-6.995343295,-0.069900487,-0.091370063,-0.103441062,7.869225572,7.863085073,10.41172961,11.89827983,0.323402933,2.252802867,2.984892473,3.508415771,3.940318996,-40.2739372,-20.96346962,-6.80673533,3.75014628
1/1/2002,1158688,775560,1135533,270988,344809,98.23,98.83333333,1.4940,1.0204,4.2758,3.3604,1.5507,2.0654,-7.06462291,-0.060404063,-0.099614844,-0.117081937,8.424740458,7.242845018,11.91315265,14.12717169,0.764941403,2.489508449,3.293460061,3.736394009,4.096013825,-28.38693072,-9.393574424,-1.03083031,1.608141592
4/1/2002,1185756,782006,1147552,275647,352995,99.7,99.7,1.5163,1.0333,4.3017,3.3591,1.3520,2.1516,-3.886060701,-0.03331761,-0.068451138,-0.097271472,7.013089617,6.399472122,10.41234677,13.93734971,2.854495996,2.778096774,3.423824373,3.787806452,4.109010753,-17.66346175,-7.56109551,-3.643816981,-1.903883409
7/1/2002,1204168,789570,1156713.333,278792,358808,100.77,100.5333333,1.5251,1.0410,4.3192,3.3560,2.3357,2.4109,-1.318609452,-0.004190528,-0.045090753,-0.071878389,7.155265229,6.18728662,10.73545066,13.9315199,5.742305774,2.326329749,2.864143369,3.33946595,3.803218638,-21.51773223,-15.07028976,-8.325035422,-4.072518456
10/1/2002,1226136,801595,1168875.333,283780.3333,365819,101.27,100.9666667,1.5296,1.0490,4.3207,3.3518,3.7921,2.8174,2.051082673,0.027889007,-0.005810712,-0.024303702,5.707855389,4.949085137,8.506510969,10.56310359,7.876010896,2.306806452,2.850659498,3.339842294,3.826243728,2.397173095,-4.497079078,-4.804831802,-2.895076996
1/1/2003,1250036,809275.3333,1175208,283059,368238,102.63,101.8333333,1.5446,1.0637,4.4162,3.3946,4.4793,3.0354,3.389184545,0.042415912,0.032830616,0.010195915,4.347224371,3.493953941,4.454440787,6.79487291,7.883744373,2.495741167,2.926386329,3.357799539,3.859873272,0.250359419,-11.14553466,-10.13261634,-5.765130761
4/1/2003,1237704,817583,1180615.333,283710.6667,370609,102.47,101.8666667,1.5139,1.0484,4.3626,3.3396,2.7783,2.1732,-0.161120962,0.014577948,0.014142702,-0.005800214,4.549453585,2.881205674,2.92535985,4.989966808,4.3810025,2.384913978,2.708870968,3.11909319,3.640663082,-14.15295534,-20.8817196,-17.65436725,-11.39806388
7/1/2003,1258352,828883,1195906.667,290214.3333,380641,102.87,102.2333333,1.5181,1.0522,4.3359,3.3059,2.0840,1.6910,-0.456600544,0.010749457,0.003867771,-0.014941513,4.979039224,3.388335917,4.097080739,6.08477135,4.49970436,2.109562724,2.615512545,3.144663082,3.680469534,-9.317983625,-8.680809315,-5.833353905,-3.227505848
10/1/2003,1272864,836879.6667,1209864.667,294827,389408,103.03,102.8666667,1.5210,1.0521,4.3173,3.2687,1.7379,1.8818,-0.565900869,0.002939556,-0.000786251,-0.024776897,4.40180723,3.506732683,3.892682251,6.448458981,3.810996496,2.19855914,2.73427957,3.221512545,3.718412186,-4.692518167,-4.08256154,-3.542974149,-2.818208899
1/1/2004,1296200,846379.3333,1224638.667,300464.6667,398468,103.57,103.1333333,1.5315,1.0584,4.3140,3.2530,0.9159,1.2766,-0.852732488,-0.004923963,-0.023138359,-0.041735485,4.584842571,4.206120675,6.149130276,8.209176122,3.693013641,1.834849833,2.383852429,2.945580274,3.565361513,-26.48076423,-18.53938063,-12.27647035,-7.630088823
4/1/2004,1328088,858806.3333,1244193.333,310024.3333,414261,104.73,103.6,1.5464,1.0674,4.2838,3.2059,2.2055,1.7016,2.151952549,0.018194174,-0.018048721,-0.040042487,5.042097663,5.385157909,9.274824587,11.77844055,7.302553761,2.035992832,2.647580645,3.172903226,3.700405018,-14.63034517,-2.262578148,1.72518205,1.640963037
7/1/2004,1351512,870632,1261422,315711,425979,104.93,103.9333333,1.5523,1.0714,4.2809,3.1727,2.0025,1.6629,2.25307317,0.018250538,-0.012705071,-0.04027944,5.036778411,5.478298195,8.785460861,11.91104829,7.403333884,2.148863799,2.670419355,3.104164875,3.580225806,1.862996289,2.099275346,-1.287839327,-2.723666822
10/1/2004,1367092,875185.3333,1272037.333,316924.6667,429105,105.4,104.4666667,1.5621,1.0747,4.3136,3.1859,2.3003,1.5554,2.701957979,0.021533643,-0.000858612,-0.025330436,4.577201262,5.138811669,7.495129912,10.19409788,7.402833296,2.125405018,2.52502509,2.902806452,3.363620072,-3.327366571,-7.65300237,-9.893057648,-9.54149505
1/1/2005,1380292,889276.6667,1291927.333,324235,438657,105.77,104.9333333,1.5522,1.0684,4.2571,3.1466,2.1242,1.7453,1.350782682,0.009412863,-0.013192439,-0.032686372,5.068334214,5.494573093,7.911190889,10.08588735,6.487579077,2.111735791,2.45735023,2.83875576,3.295552995,15.09038794,3.083152334,-3.626603387,-7.567493968
4/1/2005,1399428,901134.6667,1310661,330727.6667,447226,106.73,105.2666667,1.5530,1.0677,4.2314,3.1291,1.9097,1.6088,0.422088133,0.000279112,-0.012245625,-0.023952985,4.92874024,5.342229771,6.677970439,7.957537271,5.371632,2.053318996,2.346648746,2.696602151,3.127111111,0.850993412,-11.36629776,-15.0115223,-15.49273401
7/1/2005,1437052,908418.3333,1327949.667,332550.3333,451294,107.67,105.6333333,1.5819,1.0822,4.3213,3.1843,2.6113,1.6357,1.906365449,0.010023234,0.009450212,0.003647545,4.340103894,5.274021435,5.333781,5.942776567,6.329207584,2.134702509,2.33921147,2.602354839,2.95609319,-0.659012932,-12.4028417,-16.16570176,-17.43277241
10/1/2005,1469516,918971.3333,1349242.667,337464,460923,107.73,106.1666667,1.5991,1.0891,4.3546,3.1882,2.2106,1.6273,2.370457462,0.013412761,0.009497318,0.000717416,5.003054591,6.069423539,6.480825096,7.415046045,7.492107334,2.462340502,2.564064516,2.679827957,2.862333333,15.85276599,1.546100539,-7.681479917,-14.90319143
1/1/2006,1475988,932975,1375404.667,343845.3333,469897,108.27,106.6333333,1.5820,1.0731,4.2926,3.1411,2.3636,1.6201,1.924536788,0.004429476,0.008343759,-0.001762415,4.913918803,6.461457327,6.048185215,7.121818886,6.933025766,2.776217358,2.849001536,2.911812596,2.995391705,31.46613178,15.93795222,2.573551295,-9.108070504
4/1/2006,1490720,947729,1398873.333,354122.3333,478306,109.47,107.2,1.5729,1.0657,4.2096,3.1167,2.5672,1.8366,1.28637924,-0.001938037,-0.005138261,-0.003982297,5.170629325,6.730369892,7.073695074,6.9494268,6.523522468,2.940749104,3.002469534,3.080362007,3.155344086,43.21930051,27.94712203,14.23123751,0.902845275
7/1/2006,1505012,965469.3333,1422198.333,361916.3333,485223,109.53,107.8333333,1.5588,1.0582,4.1585,3.1017,1.7275,2.0827,-1.459471759,-0.022112425,-0.037686267,-0.02594006,6.280256343,7.097307152,8.830542945,7.518153341,4.729126016,2.777587814,2.784028674,2.837329749,2.921899642,30.11592023,19.01569012,9.029318635,-1.156714156
10/1/2006,1514568,989239,1453511,370420.6667,497440,109.2,108.5,1.5310,1.0420,4.0888,3.0447,1.3645,2.1978,-4.255200931,-0.04327703,-0.061040849,-0.045001393,7.646339349,7.727915512,9.765979976,7.922431062,3.065771315,2.633602151,2.60337276,2.645523297,2.72788172,6.955238263,1.533044254,-1.280106785,-4.697273072
1/1/2007,1547204,1008947.333,1492941.333,378363,510481,110.23,109.1666667,1.5335,1.0363,4.0892,3.0309,1.8103,2.3757,-3.068203332,-0.034277157,-0.047381027,-0.035088329,8.143019195,8.545606214,10.03871896,8.636857297,4.824971477,2.865867896,2.843605991,2.888087558,2.96546467,3.22923338,-0.189383728,-0.814785898,-0.999102564
4/1/2007,1576504,1026696.667,1523403.667,387286,521330,111.87,109.7333333,1.5355,1.0349,4.0706,3.0240,2.1924,2.3632,-2.379502446,-0.028903489,-0.033013262,-0.029730481,8.332304558,8.902187951,9.365031105,8.995008774,5.754534721,3.081985663,3.058021505,3.058537634,3.067845878,4.802740871,1.850209326,-0.708500258,-2.773016365
7/1/2007,1582112,1047166,1554562.333,397087,535009,111.87,110.1666667,1.5109,1.0177,3.9843,2.9572,2.1364,2.1638,-3.078480854,-0.038278585,-0.041880286,-0.046594659,8.461860346,9.307000079,9.717899809,10.26042991,5.122882741,2.988670251,2.979896057,2.994899642,3.016724014,7.599487449,7.035393901,5.553457173,3.245298757
10/1/2007,1604828,1063899,1578846.667,399892.3333,541400,111.83,110.1333333,1.5084,1.0165,4.0132,2.9642,2.4084,1.5054,-1.476338065,-0.02452064,-0.018496512,-0.026441891,7.547215587,8.622959624,7.956269539,8.837319635,5.959455105,2.772476703,2.800283154,2.863078853,2.982537634,5.273178864,7.563665,8.223535803,9.335298964
1/1/2008,1637300,1091845.333,1622651,405727.3333,551114,112.2,110.7333333,1.4996,1.0090,4.0355,2.9709,1.7872,1.4351,-2.21143865,-0.026360236,-0.013141068,-0.019790647,8.216286149,8.68819583,7.232296322,7.95974257,5.823149371,2.143652206,2.297382277,2.507408231,2.860133482,-25.20059248,-19.20883962,-13.18101749,-3.551928612
4/1/2008,1677232,1124889.667,1656801,416014.3333,568228,114.5,111.3,1.4910,1.0123,4.0317,2.9517,2.3509,1.4277,-2.897527718,-0.021766095,-0.009575063,-0.023915048,9.56397378,8.756532248,7.417860014,8.995971199,6.389327271,2.080659498,2.235645161,2.454150538,2.86981362,-32.48964383,-26.89243168,-19.76065588,-6.455091485
7/1/2008,1694552,1151802.667,1688741.667,427056.6667,582191,115.7,112.0333333,1.4712,1.0034,3.9680,2.9106,3.4236,1.6944,-2.623282888,-0.014032505,-0.004095169,-0.01573159,9.992366699,8.631325387,7.547380465,8.818849266,7.106955765,2.044605735,2.187387097,2.414562724,2.830580645,-31.58811233,-26.59518806,-19.377508,-6.170381125
10/1/2008,1619084,1184622.667,1720091.667,440802.6667,601015,113.97,112.5666667,1.3668,0.9413,3.6730,2.6939,1.9136,2.2094,-9.393104451,-0.073961057,-0.084749968,-0.091188974,11.34728641,8.946087228,10.230337,11.01132865,0.888319496,1.3249319,1.705623656,2.164985663,2.826114695,-52.21125218,-39.09102894,-24.38260438,-5.244625827
1/1/2009,1557212,1238224.333,1769502.667,453701.6667,630599,113.6,112.8333333,1.2576,0.8800,3.4322,2.4694,1.2478,1.8964,-16.13490028,-0.127845592,-0.149482269,-0.168795017,13.40656918,9.05010792,11.82427936,14.42247616,-4.89146766,0.793993856,1.192987711,1.636336406,2.533951613,-62.96069608,-48.07186756,-34.73992846,-11.40442818
4/1/2009,1548360,1273539,1805143.333,464986.6667,658259,114.57,113.4666667,1.2158,0.8577,3.3299,2.3522,0.0611,1.9467,-18.45891577,-0.152699506,-0.174063616,-0.203098466,13.21457008,8.953539582,11.77178991,15.84415889,-7.683612047,0.741039427,1.374448029,1.85478853,2.678849462,-64.38439701,-38.52119055,-24.42238151,-6.654235535
7/1/2009,1567908,1291902.667,1833086.333,480694.3333,690198,114.7,113.8666667,1.2136,0.8553,3.2618,2.2717,-0.8643,1.6364,-17.50759588,-0.147595026,-0.177980388,-0.219527749,12.1635419,8.547468776,12.55984764,18.55181547,-7.473597741,0.881673835,1.646655914,2.133706093,2.769688172,-56.87805135,-24.72041568,-11.63178028,-2.151236116
10/1/2009,1611856,1305437.333,1858804,497632.3333,721914,114.87,114.4,1.2347,0.8671,3.2390,2.2328,0.7897,1.6287,-9.659837228,-0.078755618,-0.118154543,-0.171186633,10.198578,8.064240762,12.89231463,20.11579294,-0.446425263,0.892530466,1.639232975,2.123229391,2.757878136,-32.63574783,-3.892457798,-1.928708957,-2.414500701
1/1/2010,1643948,1311733.667,1875824,511053.6667,742095,115.43,115.0666667,1.2533,0.8764,3.2168,2.2153,1.6109,1.9793,-0.346167928,-0.004137296,-0.062774275,-0.102914417,5.936673295,6.008543267,12.64090573,17.68102903,5.569954508,0.912930108,1.640261137,2.180871736,2.793375576,14.97949274,37.49187199,33.27771285,10.23792095
4/1/2010,1653080,1322326.333,1894849,524490.3333,761831,116.17,115.4333333,1.2501,0.8724,3.1518,2.1699,1.3965,1.7333,2.824245286,0.017089131,-0.053490582,-0.077512876,3.830847217,4.969448409,12.79685439,15.73417366,6.763285024,1.203551971,1.814752688,2.232928315,2.690594982,62.4140266,32.03501699,20.3872182,0.438453891
7/1/2010,1665404,1341116,1921016.667,535245.6667,780041,116.8,115.6333333,1.2418,0.8669,3.1115,2.1350,1.8309,1.5515,2.320458659,0.013563154,-0.046073596,-0.06015744,3.809368508,4.796846266,11.34844527,13.01703762,6.218221988,0.997996416,1.430336918,1.889480287,2.45097491,13.19338014,-13.13686694,-11.44608469,-11.50718932
10/1/2010,1701756,1353234.667,1944753.333,543150.6667,792492,117.47,116.1666667,1.2575,0.8750,3.1331,2.1473,2.2634,1.5443,1.848342145,0.009113751,-0.032704151,-0.038251217,3.661403892,4.62390512,9.146980669,9.776506261,5.577421308,1.050820789,1.374390681,1.826469534,2.372835125,17.73500498,-16.15647672,-13.9768156,-13.96156725
1/1/2011,1737876,1361893.667,1966014.667,553155,807404,118.43,116.5333333,1.2761,0.8840,3.1418,2.1524,2.5990,1.2746,1.820019163,0.008639668,-0.023324315,-0.028373172,3.823946985,4.808055909,8.238143287,8.800580339,5.713562716,1.172250384,1.623268049,2.082738095,2.54062212,28.40527159,-1.035998914,-4.499743792,-9.048316252
4/1/2011,1759756,1376765.333,1992441.667,560719,822370,120.07,117.2333333,1.2782,0.8832,3.1384,2.1399,3.3571,1.5593,2.243876672,0.012389366,-0.004248891,-0.013833737,4.116911131,5.150419198,6.907404077,7.946469318,6.453166211,1.142946237,1.545430108,1.985659498,2.478229391,-5.035572722,-14.84073187,-11.07374632,-7.892885879
7/1/2011,1785780,1393750.333,2020099.333,571697.3333,838700,120.3,117.8333333,1.2813,0.8840,3.1236,2.1292,2.9966,1.9026,3.178619036,0.01968671,0.003911305,-0.002714914,3.92466672,5.157824416,6.810268431,7.519943388,7.22803596,0.797713262,1.07244086,1.527530466,2.098043011,-20.06852439,-25.02180101,-19.15605171,-14.39965371
10/1/2011,1812840,1426228.667,2061696.333,591562.3333,871288,120.63,118.5666667,1.2711,0.8793,3.0645,2.0806,2.6900,2.0660,1.075555827,0.004851791,-0.021902861,-0.031062671,5.39403858,6.01325618,8.913119257,9.942724998,6.527610304,0.64921147,0.856340502,1.239326165,1.777913978,-38.21863094,-37.69308002,-32.14635439,-25.07216538
1/1/2012,1815020,1444100.667,2089689,603897.6667,890307,121.2,119,1.2569,0.8686,3.0055,2.0386,2.3389,2.1167,-1.506320715,-0.017420439,-0.043365322,-0.052860997,6.036227498,6.290610921,9.173317907,10.26785032,4.438981838,0.75822766,0.915190953,1.215684093,1.740652577,-35.31862555,-43.62046654,-41.63048651,-31.48715177
4/1/2012,1818984,1458985.333,2116455.667,618855.6667,905574,121.97,119.4666667,1.2467,0.8594,2.9393,2.0087,1.5824,1.9050,-2.459400558,-0.026910326,-0.063447075,-0.061315337,5.971969079,6.224222374,10.36823555,10.11759108,3.36569388,0.825204301,0.961462366,1.180964158,1.663519713,-27.80025213,-37.78674552,-40.52534391,-32.87466772
7/1/2012,1830704,1489040.333,2159435,635514.3333,931938,121.77,119.6666667,1.2295,0.8478,2.8807,1.9644,1.2219,1.5559,-4.04475947,-0.040990819,-0.077787526,-0.077407758,6.836949038,6.897466098,11.1627248,11.11696673,2.515651424,0.749197133,0.860286738,1.064333333,1.523978495,-6.081900774,-19.78236094,-30.32326641,-27.36190408
10/1/2012,1844100,1505722,2193234.333,638191,941519,121.77,120,1.2247,0.8408,2.8896,1.9586,0.9450,1.2089,-3.646086624,-0.043764957,-0.057080037,-0.058635917,5.573673787,6.380086042,7.882291356,8.060598432,1.724366188,0.770272401,0.889767025,1.099182796,1.57155914,18.64738033,3.903414965,-11.30802957,-11.60657046
1/1/2013,1876760,1526643,2229539,652483.3333,960757,122.3,120.5,1.2293,0.8418,2.8763,1.9534,0.9076,1.2605,-2.18908956,-0.030843514,-0.042979474,-0.041806122,5.715829598,6.692383412,8.045347639,7.913041199,3.401615409,0.770756528,0.934700461,1.179854071,1.694592934,1.652388683,2.131741781,-2.947313613,-2.646113509
4/1/2013,1886644,1549884.667,2269726.333,671779.6667,985293,122.9,120.8333333,1.2173,0.8312,2.8084,1.9148,0.7625,1.1440,-2.36340526,-0.032843491,-0.044515608,-0.046721903,6.23031166,7.241855763,8.551913289,8.80314909,3.719658886,0.750222222,0.91634767,1.175620072,1.693225806,-9.086486674,-4.692299663,-0.4525189,1.785737371
7/1/2013,1912448,1564269.333,2299971.667,680396.6667,1002568,123.17,121.1666667,1.2226,0.8315,2.8108,1.9076,1.1497,1.2535,-0.55878197,-0.019180357,-0.024258722,-0.028942759,5.05218014,6.508029492,7.06236366,7.578794584,4.465167498,0.83502509,1.164849462,1.583089606,2.041268817,11.45599112,35.40246646,48.74001933,33.94341353
10/1/2013,1933136,1583816.333,2336164,692773.3333,1021550,122.9,121.4666667,1.2206,0.8275,2.7904,1.8924,0.9280,1.2222,-0.340680064,-0.015853733,-0.034310623,-0.033844017,5.186504105,6.516844301,8.552664223,8.500238622,4.828154655,0.772480287,1.108806452,1.567903226,2.099243728,0.286636948,24.61761566,42.64262795,33.57713843
1/1/2014,1963276,1606723,2378980,710754.6667,1045140,124,122.1333333,1.2219,0.8253,2.7622,1.8785,1.3900,1.3555,-0.603956123,-0.01961445,-0.039665963,-0.0383618,5.245496164,6.702775776,8.930700656,8.782970095,4.609859545,0.72297235,1.001682028,1.438490783,2.010430108,-6.199646247,7.166099689,21.92107644,18.6379376
4/1/2014,1988412,1617812.333,2413896.667,719621.6667,1055599,125.63,122.8,1.2291,0.8237,2.7631,1.8837,2.2213,1.6276,0.968907341,-0.009005514,-0.016127005,-0.016254951,4.382756222,6.351881776,7.121680273,7.135612498,5.39412841,0.747075269,1.01055914,1.383960573,1.932885305,-0.4194695,10.28119267,17.7217544,14.15401875
7/1/2014,2013864,1634730,2454925.333,729845,1071444,125.73,123.5333333,1.2319,0.8203,2.7593,1.8796,2.0784,1.9532,0.764139771,-0.013437278,-0.018315253,-0.014662854,4.504382025,6.737198937,7.267574307,6.869960232,5.30294157,0.762709677,0.995476703,1.316082437,1.792290323,-8.660268187,-14.54031318,-16.86620691,-12.19724186
10/1/2014,2014016,1658441.333,2502447,745768.6667,1095183,125.27,124.2333333,1.2144,0.8048,2.7006,1.8390,1.9284,2.2777,-0.504093763,-0.027389516,-0.032195722,-0.02820743,4.711720572,7.117779402,7.649736325,7.207935653,4.18387532,0.72016129,0.938935484,1.224605735,1.679942652,-6.772858455,-15.32016408,-21.89532398,-19.97391107
1/1/2015,1984244,1674218,2548690,756839.3333,1110501,125.33,124.9,1.1852,0.7785,2.6218,1.7868,1.0726,2.2653,-3.006479718,-0.056618198,-0.050861165,-0.048805997,4.200786321,7.133729582,6.483906308,6.253835212,1.068010815,0.406958525,0.499489247,0.784231951,1.318602151,-43.71036109,-50.13494966,-45.48230966,-34.41193774
4/1/2015,1985120,1690111,2590066.667,770918.6667,1129492,126.77,125.5333333,1.1746,0.7664,2.5750,1.7575,0.9074,2.2258,-4.436223694,-0.069560537,-0.068085523,-0.066968157,4.468915533,7.298158303,7.128329006,7.000035999,-0.16555925,0.434512545,0.544107527,0.924935484,1.4779319,-41.83818379,-46.15777489,-33.16749757,-23.53752724
7/1/2015,2000736,1716643.333,2640004,791502,1160495,127.23,126.2,1.1655,0.7579,2.5278,1.7240,1.1930,2.1587,-5.39249059,-0.076167257,-0.083909734,-0.082753969,5.010817281,7.539075187,8.447958128,8.31130957,-0.65188116,0.307978495,0.407308244,0.84027957,1.448939068,-59.62048159,-59.08410084,-36.15296838,-19.1571226
10/1/2015,1991656,1745827.667,2691060.667,809691.6667,1188407,126.93,126.7666667,1.1408,0.7401,2.4598,1.6759,1.3251,2.0392,-6.060086902,-0.080413023,-0.089173043,-0.088676328,5.269184479,7.537169285,8.57142474,8.512248185,-1.110219581,0.390053763,0.510021505,0.881853047,1.491408602,-45.83799925,-45.6808786,-27.98881946,-11.22264798
1/1/2016,2000948,1768179.333,2742135.333,822785.3333,1207453,127.27,127.3333333,1.1316,0.7297,2.4319,1.6572,1.5479,1.9482,-4.51691917,-0.062721064,-0.072406109,-0.072551985,5.612252009,7.589990675,8.713342066,8.730441266,0.841831952,0.324779385,0.377500927,0.679451242,1.311694475,-20.19349288,-24.4226119,-13.36093341,-0.523863486
4/1/2016,2003336,1794134.667,2781892,835124,1225888,128.73,128.2,1.1166,0.7201,2.3988,1.6342,1.5461,2.1243,-4.933562178,-0.060411468,-0.068410409,-0.070178924,6.154842295,7.406192891,8.328418562,8.534458717,0.917627146,0.404555556,0.462706093,0.704713262,1.278114695,-6.894389956,-14.96054174,-23.80946845,-13.52005491
7/1/2016,2038744,1836180.667,2841173,856671.6667,1257889,128.8,128.6333333,1.1103,0.7176,2.3798,1.6208,1.2340,1.9282,-4.734079053,-0.053152983,-0.058521249,-0.05990043,6.963434454,7.620026333,8.233670498,8.392455631,1.89970091,0.376738351,0.414648746,0.598096774,1.101168459,22.32618765,1.802198189,-28.82169273,-24.00174148
10/1/2016,2069864,1878203,2903984.333,883347.3333,1296731,128.7,128.8,1.1020,0.7128,2.3432,1.5962,1.3945,1.6040,-3.397954183,-0.036932557,-0.047388874,-0.047548653,7.582382606,7.912258141,9.096754938,9.11505651,3.926782537,0.438286738,0.556853047,0.820336918,1.319157706,12.36572479,9.182267949,-6.975780066,-11.54954422
1/1/2017,2110016,1906039,2952237.667,902843,1325126,129.7,129.2666667,1.1070,0.7147,2.3371,1.5923,1.9093,1.5183,-2.176212508,-0.020538175,-0.038998087,-0.039133603,7.796701617,7.661997232,9.730079454,9.745555314,5.450816313,0.525188172,0.722246544,1.023963134,1.575833333,61.70612949,91.32311796,50.70443178,20.13722425
4/1/2017,2132820,1934050,3000400.333,925639.3333,1352004,130.43,129.4333333,1.1028,0.7108,2.3042,1.5775,1.3206,0.9620,-1.238483602,-0.012899278,-0.039473009,-0.034676228,7.798485584,7.854666297,10.83855012,10.2877833,6.463419017,0.536577061,0.675802867,0.895734767,1.39616129,32.63371459,46.05445602,27.10627368,9.235993875
7/1/2017,2144764,1957657.667,3046595,944919,1375011,130.57,129.7333333,1.0956,0.7040,2.2698,1.5598,1.3742,0.8551,-1.327648933,-0.018930511,-0.046245418,-0.037605899,6.615743331,7.230182745,10.30118501,9.310998907,5.200260553,0.893189964,1.021078853,1.216598566,1.528103943,137.0849586,146.2515235,103.4116582,38.77113265
10/1/2017,2178432,1976078.333,3085589.667,953640,1384793,131,130.2666667,1.1024,0.7060,2.2843,1.5731,1.7871,1.1387,0.032372745,-0.0094913,-0.025124312,-0.014475926,5.211115802,6.253660919,7.957534258,6.791075201,5.245175528,0.982956989,1.086197133,1.229784946,1.474301075,124.272583,95.05992456,49.91217875,11.76079012
1/1/2018,2195864,1998358,3130422.333,964377.3333,1401858,132.37,131,1.0988,0.7015,2.2770,1.5664,2.0586,1.3409,-0.739106681,-0.018550238,-0.025717434,-0.016277199,4.843500054,6.035580017,6.815618367,5.790568847,4.068594741,1.233164363,1.377457757,1.506344086,1.645360983,134.8042908,90.7184976,47.10921092,4.412119499
4/1/2018,2217196,2013462.667,3159876.333,973271.3333,1406719,133.43,131.2,1.1012,0.7017,2.2781,1.5761,2.3001,1.3649,-0.144038468,-0.012904889,-0.011315443,-0.000873192,4.106029661,5.315157388,5.145848743,4.04692983,3.956076931,1.320164875,1.461075269,1.562379928,1.644415771,146.0345346,116.1984418,74.42439278,17.78121783
7/1/2018,2240456,2040503,3197715,982563.6667,1414809,134.07,131.8,1.0980,0.7006,2.2802,1.5836,2.6806,1.5930,0.220466473,-0.004750705,0.004594483,0.015231441,4.231860082,4.960291736,3.983904088,2.894426031,4.461656387,1.381491039,1.457057348,1.517046595,1.554670251,54.66934189,42.69782822,24.69574081,1.738514476
10/1/2018,2222728,2074744,3241552,996349,1434685,133.67,132.3666667,1.0713,0.6857,2.2309,1.5493,2.0382,1.6121,-2.818868457,-0.028757918,-0.023403233,-0.015148801,4.99300382,5.054539008,4.478524391,3.602848078,2.033389153,1.499336918,1.555473118,1.597315412,1.659670251,52.53331875,43.20357434,29.88575093,12.57335959
1/1/2019,2253576,2109629.333,3287447,1004794,1451456,134.5,132.9666667,1.0682,0.6855,2.2428,1.5526,1.6091,1.5013,-2.784859515,-0.022738154,-0.014998864,-0.008787151,5.568138108,5.016085689,4.190959832,3.538017988,2.628213769,1.230499232,1.237603687,1.272288786,1.434800307,-0.216121277,-10.15305696,-15.53797049,-12.79723283
4/1/2019,2298972,2147072,3334197,1014823.333,1467704,136.3,133.6333333,1.0707,0.6895,2.2654,1.5664,2.1509,1.8547,-2.764115627,-0.017328354,-0.005572598,-0.006201419,6.635798892,5.516692689,4.269313045,4.335288948,3.688262111,1.102473118,1.058716846,1.101917563,1.283480287,-16.48974007,-27.53851438,-29.47185619,-21.94916215
